title,slug,excerpt,content,status,published_date,category,icon_emoji,featured,tag
Hospital Achieves Outstanding CQC Rating,hospital-outstanding-cqc,The hospital has been rated Outstanding by the Care Quality Commission in its latest inspection.,The Care Quality Commission has awarded the hospital an Outstanding rating - the highest possible - following an inspection in February 2024. Inspectors highlighted patient safety, leadership and innovative care pathways.,published,2024-03-18,Accreditation,🏥,1,CQC
New Day Surgery Unit Now Open,new-day-surgery-unit-open,Our brand new state-of-the-art day surgery unit has opened its doors to patients.,"The new 12-theatre day surgery unit is now accepting patients. The unit features the latest minimally invasive surgical technology, dedicated recovery suites, and is designed to significantly reduce waiting times.",published,2024-03-11,Services,🌅,1,NEW
Cardiology Department Introduces New Heart Procedure,cardiology-new-procedure,The cardiology team has introduced a new minimally invasive procedure to treat atrial fibrillation.,"The cardiac electrophysiology team has performed its first pulsed field ablation procedures for atrial fibrillation. The new technique is faster than traditional methods and associated with fewer complications.",published,2024-03-05,Cardiology,❤️,0,INNOVATION
Hospital Food Transformed in New Initiative,hospital-food-transformation,Patient satisfaction with hospital food has risen to 94% following a major transformation of catering services.,"Following a complete review of its catering services, patient satisfaction scores for hospital food have risen from 61% to 94%. A new seasonal menu developed with a Michelin-trained chef has been introduced across all wards.",published,2024-02-26,Facilities,🍽️,0,PATIENTS
Orthopaedic Team Reduces Hip Replacement Waiting Times,orthopaedic-waiting-times,Average waiting times for hip replacement have been cut from 18 months to 6 months.,"A dedicated orthopaedic waiting list initiative has dramatically reduced the time patients wait for hip and knee replacement surgery. Weekend operating lists and two additional consultant appointments have been key factors.",published,2024-02-19,Orthopaedics,🦵,1,ACCESS
New Maternity Unit Wins Design Award,maternity-unit-design-award,The hospital's new maternity unit has won a national design award for patient-centred care environment.,"The new maternity unit, which opened in January 2024, has been awarded the NHS Estates and Facilities Design Award. The unit features 12 single-occupancy rooms, a birthing pool suite and dedicated bereavement suite.",published,2024-02-12,Maternity,👶,0,AWARD
Outpatient App Helps 50000 Patients Manage Appointments,outpatient-app-50000,50,000 patients are now using the hospital's patient app to manage appointments and receive test results.,"The hospital's dedicated patient app, launched 18 months ago, has now reached 50,000 active users. Features include appointment management, test result notifications and direct messaging with clinical teams.",published,2024-02-05,Digital,📱,0,DIGITAL
Hospital Research Team Wins Major Grant,research-team-major-grant,The hospital's research team has been awarded a £2.5 million grant to study post-surgical recovery pathways.,A multidisciplinary research team has been awarded a major NIHR grant to investigate factors that affect recovery following major surgery. The four-year study will recruit 2,000 patients.,published,2024-01-29,Research,🔬,0,RESEARCH
Volunteer Programme Reaches 500 Members,volunteer-programme-500,The hospital's volunteer programme has grown to 500 active volunteers supporting patients and staff.,"The hospital's volunteer programme has welcomed its 500th volunteer. Volunteers support patients across inpatient wards, outpatient departments and the hospital's veterans programme.",published,2024-01-22,Community,🤝,0,COMMUNITY
Hospital Staff Satisfaction at Record High,staff-satisfaction-record,The latest NHS Staff Survey results show staff satisfaction at the hospital has reached a record high of 78%.,"Results from the 2023 NHS Staff Survey place the hospital in the top 10% of NHS Trusts for overall staff engagement and satisfaction. The score of 7.8 out of 10 is the highest the hospital has ever achieved.",published,2024-01-15,Workforce,⭐,1,STAFF
