emoji,price,location,area,saved,type,beds,result
"🏡","£875,000","Richmond","South West London","Saved £24k","Detached",5,"Off-market purchase — 3 competing buyers never got a look-in"
"🏘️","£1,200,000","Wimbledon","South London","Saved £35k","Semi-detached",4,"Negotiated below asking during survey stage using structural report"
"🏙️","£425,000","Bristol","South West","Off-market","Apartment",2,"Pre-market access — never listed on Rightmove or Zoopla"
"🏗️","£675,000","Manchester","North West","Saved £18k","Townhouse",3,"BTL investor: 7.1% gross yield secured on day-one"
"🌊","£550,000","Brighton","East Sussex","Saved £15k","Terraced",4,"Chain-free purchase completed in 9 weeks — below asking"
"🏛️","£2,100,000","Notting Hill","West London","Saved £90k","Georgian house",6,"Exclusive off-market access — agent network introduction"
"🏠","£298,000","Bristol","Clifton","Saved £22k","Apartment",2,"Off-market — £22k under budget, no chain, 8-week completion"
"🌿","£680,000","Harpenden","Hertfordshire","Saved £20k","Detached",5,"Complex chain resolved — leasehold issue navigated to completion"
"🏢","£601,250","Canary Wharf","East London","Saved £49k","Apartment",2,"7.5% below asking + parking space included in negotiation"
"🌳","£465,000","Chiswick","West London","Saved £15k","Victorian Terrace",3,"Off-market introduction through agent network — never publicly listed"
